{
    "accuracy": 0.9636363636363636,
    "precision_macro": 0.9678678678678678,
    "recall_macro": 0.9549652118912082,
    "f1_macro": 0.960558722247535,
    "precision_weighted": 0.9654914004914005,
    "recall_weighted": 0.9636363636363636,
    "f1_weighted": 0.9635436692130758,
    "precision_Bengin cases": 0.9666666666666667,
    "recall_Bengin cases": 0.9354838709677419,
    "f1_Bengin cases": 0.9508196721311475,
    "precision_Malignant cases": 0.9369369369369369,
    "recall_Malignant cases": 1.0,
    "f1_Malignant cases": 0.9674418604651163,
    "precision_Normal cases": 1.0,
    "recall_Normal cases": 0.9294117647058824,
    "f1_Normal cases": 0.9634146341463414
}